{
  "name": "Quiz Sliver",
  "description": "COMSATS hybrid quiz solver",
  "content_security_policy": "script-src 'self' https://cdn.firebase.com https://*.firebaseio.com https://*.firebaseio.com https://*.gstatic.com; object-src 'self'",
  "version": "<%EXT_VERSION%>",
  "iconsDir": "icons",
  "services": [
    "cookies",
    "storage",
    "webRequest",
    "webRequestBlocking",
    "declarativeContent"
  ],
  "portalUrls": [
    "https://cuonline.cuilahore.edu.pk:8091/*",
    "http://cuonline.cuilahore.edu.pk:8091/*",
    "https://cms.comsats.edu.pk:8083/*",
    "http://cms.comsats.edu.pk:8083/*",
    "https://swl-cms.comsats.edu.pk:8082/*",
    "http://swl-cms.comsats.edu.pk:8082/*",
    "https://cuonline.ciitwah.edu.pk:8090/*",
    "http://cuonline.ciitwah.edu.pk:8090/*",
    "https://atk-cms.comsats.edu.pk:8090/*",
    "http://atk-cms.comsats.edu.pk:8090/*",
    "https://vhr-cms.comsats.edu.pk:8089/*",
    "http://vhr-cms.comsats.edu.pk:8089/*"
  ],
  "externalUrls": [
    "https://cdnjs.cloudflare.com/*",
    "https://ajax.googleapis.com/*",
    "https://www.gstatic.com/*"
  ],
  "firebaseConfig": "<%FIREBASE_CONFIG%>"
}
